0,org.apache.cayenne.swing.BindingBase,modeler/cayenne-modeler/src/main/java/org/apache/cayenne/swing/BindingBase.java,1179
1,org.apache.cayenne.swing.control.FileMenuItem,modeler/cayenne-modeler/src/main/java/org/apache/cayenne/swing/control/FileMenuItem.java,1124
2,org.apache.cayenne.modeler.Application,modeler/cayenne-modeler/src/main/java/org/apache/cayenne/modeler/Application.java,1995
3,org.apache.cayenne.modeler.dialog.db.load.DbImportTreeNode,modeler/cayenne-modeler/src/main/java/org/apache/cayenne/modeler/dialog/db/load/DbImportTreeNode.java,1794
4,org.apache.cayenne.modeler.dialog.db.load.DbImportTreeNode,modeler/cayenne-modeler/src/main/java/org/apache/cayenne/modeler/dialog/db/load/DbImportTreeNode.java,1794
5,org.apache.cayenne.modeler.dialog.db.load.DbImportTreeNode,modeler/cayenne-modeler/src/main/java/org/apache/cayenne/modeler/dialog/db/load/DbImportTreeNode.java,1794
6,org.apache.cayenne.modeler.ProjectController,modeler/cayenne-modeler/src/main/java/org/apache/cayenne/modeler/ProjectController.java,6978
7,org.apache.cayenne.modeler.dialog.ConfirmRemoveDialog,modeler/cayenne-modeler/src/main/java/org/apache/cayenne/modeler/dialog/ConfirmRemoveDialog.java,1208
8,org.apache.cayenne.modeler.ProjectController,modeler/cayenne-modeler/src/main/java/org/apache/cayenne/modeler/ProjectController.java,6978
9,org.apache.cayenne.modeler.dialog.ConfirmRemoveDialog,modeler/cayenne-modeler/src/main/java/org/apache/cayenne/modeler/dialog/ConfirmRemoveDialog.java,1208
10,org.apache.cayenne.modeler.ProjectController,modeler/cayenne-modeler/src/main/java/org/apache/cayenne/modeler/ProjectController.java,6978
11,org.apache.cayenne.modeler.dialog.ConfirmRemoveDialog,modeler/cayenne-modeler/src/main/java/org/apache/cayenne/modeler/dialog/ConfirmRemoveDialog.java,1208
12,org.apache.cayenne.modeler.ProjectController,modeler/cayenne-modeler/src/main/java/org/apache/cayenne/modeler/ProjectController.java,6978
13,org.apache.cayenne.modeler.dialog.ConfirmRemoveDialog,modeler/cayenne-modeler/src/main/java/org/apache/cayenne/modeler/dialog/ConfirmRemoveDialog.java,1208
14,org.apache.cayenne.modeler.ProjectController,modeler/cayenne-modeler/src/main/java/org/apache/cayenne/modeler/ProjectController.java,6978
15,org.apache.cayenne.modeler.dialog.ConfirmRemoveDialog,modeler/cayenne-modeler/src/main/java/org/apache/cayenne/modeler/dialog/ConfirmRemoveDialog.java,1208
16,org.apache.cayenne.modeler.ProjectController,modeler/cayenne-modeler/src/main/java/org/apache/cayenne/modeler/ProjectController.java,6978
17,org.apache.cayenne.modeler.dialog.ConfirmRemoveDialog,modeler/cayenne-modeler/src/main/java/org/apache/cayenne/modeler/dialog/ConfirmRemoveDialog.java,1208
18,org.apache.cayenne.modeler.dialog.db.DataSourceWizard,modeler/cayenne-modeler/src/main/java/org/apache/cayenne/modeler/dialog/db/DataSourceWizard.java,2468
19,org.apache.cayenne.modeler.CayenneModelerController,modeler/cayenne-modeler/src/main/java/org/apache/cayenne/modeler/CayenneModelerController.java,2441
20,org.apache.cayenne.modeler.dialog.db.DataSourceWizard,modeler/cayenne-modeler/src/main/java/org/apache/cayenne/modeler/dialog/db/DataSourceWizard.java,2468
21,org.apache.cayenne.modeler.dialog.db.DataSourceWizard,modeler/cayenne-modeler/src/main/java/org/apache/cayenne/modeler/dialog/db/DataSourceWizard.java,2468
22,org.apache.cayenne.modeler.dialog.db.load.DbLoaderContext,modeler/cayenne-modeler/src/main/java/org/apache/cayenne/modeler/dialog/db/load/DbLoaderContext.java,1887
23,org.apache.cayenne.modeler.editor.CallbackType,modeler/cayenne-modeler/src/main/java/org/apache/cayenne/modeler/editor/CallbackType.java,1108
24,org.apache.cayenne.modeler.editor.CallbackType,modeler/cayenne-modeler/src/main/java/org/apache/cayenne/modeler/editor/CallbackType.java,1108
25,org.apache.cayenne.modeler.editor.dbimport.DbImportView,modeler/cayenne-modeler/src/main/java/org/apache/cayenne/modeler/editor/dbimport/DbImportView.java,1946
26,org.apache.cayenne.modeler.pref.DBConnectionInfo,modeler/cayenne-modeler/src/main/java/org/apache/cayenne/modeler/pref/DBConnectionInfo.java,1604
27,org.apache.cayenne.modeler.dialog.autorelationship.InferredRelationship,modeler/cayenne-modeler/src/main/java/org/apache/cayenne/modeler/dialog/autorelationship/InferredRelationship.java,1095
28,org.apache.cayenne.modeler.dialog.autorelationship.InferredRelationship,modeler/cayenne-modeler/src/main/java/org/apache/cayenne/modeler/dialog/autorelationship/InferredRelationship.java,1095
29,org.apache.cayenne.modeler.dialog.db.load.DbImportTreeNode,modeler/cayenne-modeler/src/main/java/org/apache/cayenne/modeler/dialog/db/load/DbImportTreeNode.java,1794
30,org.apache.cayenne.modeler.dialog.db.load.DbImportTreeNode,modeler/cayenne-modeler/src/main/java/org/apache/cayenne/modeler/dialog/db/load/DbImportTreeNode.java,1794
31,org.apache.cayenne.modeler.dialog.db.load.DbImportTreeNode,modeler/cayenne-modeler/src/main/java/org/apache/cayenne/modeler/dialog/db/load/DbImportTreeNode.java,1794
32,org.apache.cayenne.modeler.dialog.db.load.DbImportTreeNode,modeler/cayenne-modeler/src/main/java/org/apache/cayenne/modeler/dialog/db/load/DbImportTreeNode.java,1794
33,org.apache.cayenne.modeler.dialog.db.load.DbImportTreeNode,modeler/cayenne-modeler/src/main/java/org/apache/cayenne/modeler/dialog/db/load/DbImportTreeNode.java,1794
34,org.apache.cayenne.modeler.dialog.db.load.DbImportTreeNode,modeler/cayenne-modeler/src/main/java/org/apache/cayenne/modeler/dialog/db/load/DbImportTreeNode.java,1794
35,org.apache.cayenne.modeler.editor.dbimport.DbImportTree,modeler/cayenne-modeler/src/main/java/org/apache/cayenne/modeler/editor/dbimport/DbImportTree.java,2034
36,org.apache.cayenne.modeler.dialog.db.load.DbImportTreeNode,modeler/cayenne-modeler/src/main/java/org/apache/cayenne/modeler/dialog/db/load/DbImportTreeNode.java,1794
37,org.apache.cayenne.modeler.editor.wrapper.ObjAttributeWrapper,modeler/cayenne-modeler/src/main/java/org/apache/cayenne/modeler/editor/wrapper/ObjAttributeWrapper.java,1489
38,org.apache.cayenne.modeler.editor.CallbackType,modeler/cayenne-modeler/src/main/java/org/apache/cayenne/modeler/editor/CallbackType.java,1108
39,org.apache.cayenne.modeler.editor.wrapper.ObjAttributeWrapper,modeler/cayenne-modeler/src/main/java/org/apache/cayenne/modeler/editor/wrapper/ObjAttributeWrapper.java,1489
40,org.apache.cayenne.modeler.editor.wrapper.ObjAttributeWrapper,modeler/cayenne-modeler/src/main/java/org/apache/cayenne/modeler/editor/wrapper/ObjAttributeWrapper.java,1489
41,org.apache.cayenne.modeler.editor.wrapper.ObjAttributeWrapper,modeler/cayenne-modeler/src/main/java/org/apache/cayenne/modeler/editor/wrapper/ObjAttributeWrapper.java,1489
42,org.apache.cayenne.modeler.editor.wrapper.ObjAttributeWrapper,modeler/cayenne-modeler/src/main/java/org/apache/cayenne/modeler/editor/wrapper/ObjAttributeWrapper.java,1489
43,org.apache.cayenne.modeler.editor.wrapper.ObjAttributeWrapper,modeler/cayenne-modeler/src/main/java/org/apache/cayenne/modeler/editor/wrapper/ObjAttributeWrapper.java,1489
44,org.apache.cayenne.modeler.editor.wrapper.ObjAttributeWrapper,modeler/cayenne-modeler/src/main/java/org/apache/cayenne/modeler/editor/wrapper/ObjAttributeWrapper.java,1489
45,org.apache.cayenne.modeler.util.CayenneTable,modeler/cayenne-modeler/src/main/java/org/apache/cayenne/modeler/util/CayenneTable.java,1805
46,org.apache.cayenne.wocompat.parser.SimpleCharStream,modeler/cayenne-wocompat/src/main/java/org/apache/cayenne/wocompat/parser/SimpleCharStream.java,1082
47,org.apache.cayenne.gen.CgenConfiguration,cayenne-cgen/src/main/java/org/apache/cayenne/gen/CgenConfiguration.java,1454
48,org.apache.cayenne.gen.TemplateType,cayenne-cgen/src/main/java/org/apache/cayenne/gen/TemplateType.java,983
49,org.apache.cayenne.dbsync.merge.context.MergerContext,cayenne-dbsync/src/main/java/org/apache/cayenne/dbsync/merge/context/MergerContext.java,1733
50,org.apache.cayenne.dbsync.reverse.dbimport.ReverseEngineering,cayenne-dbsync/src/main/java/org/apache/cayenne/dbsync/reverse/dbimport/ReverseEngineering.java,1368
51,org.apache.cayenne.dbsync.reverse.dbimport.DbImportConfiguration,cayenne-dbsync/src/main/java/org/apache/cayenne/dbsync/reverse/dbimport/DbImportConfiguration.java,2185
52,org.apache.cayenne.dbsync.reverse.dbimport.DbImportConfiguration,cayenne-dbsync/src/main/java/org/apache/cayenne/dbsync/reverse/dbimport/DbImportConfiguration.java,2185
53,org.apache.cayenne.dbsync.reverse.dbimport.DbImportConfiguration,cayenne-dbsync/src/main/java/org/apache/cayenne/dbsync/reverse/dbimport/DbImportConfiguration.java,2185
54,org.apache.cayenne.dbsync.reverse.dbimport.DbImportConfiguration,cayenne-dbsync/src/main/java/org/apache/cayenne/dbsync/reverse/dbimport/DbImportConfiguration.java,2185
55,org.apache.cayenne.dbsync.reverse.dbimport.DbImportConfiguration,cayenne-dbsync/src/main/java/org/apache/cayenne/dbsync/reverse/dbimport/DbImportConfiguration.java,2185
56,org.apache.cayenne.access.sqlbuilder.sqltree.FunctionNode,cayenne-server/src/main/java/org/apache/cayenne/access/sqlbuilder/sqltree/FunctionNode.java,1131
57,org.apache.cayenne.access.sqlbuilder.sqltree.FunctionNode,cayenne-server/src/main/java/org/apache/cayenne/access/sqlbuilder/sqltree/FunctionNode.java,1131
58,org.apache.cayenne.access.sqlbuilder.sqltree.FunctionNode,cayenne-server/src/main/java/org/apache/cayenne/access/sqlbuilder/sqltree/FunctionNode.java,1131
59,org.apache.cayenne.map.DbEntity,cayenne-server/src/main/java/org/apache/cayenne/map/DbEntity.java,2143
60,org.apache.cayenne.access.sqlbuilder.sqltree.InNode,cayenne-server/src/main/java/org/apache/cayenne/access/sqlbuilder/sqltree/InNode.java,1070
61,org.apache.cayenne.access.sqlbuilder.sqltree.Node,cayenne-server/src/main/java/org/apache/cayenne/access/sqlbuilder/sqltree/Node.java,1200
62,org.apache.cayenne.access.sqlbuilder.sqltree.ValueNode,cayenne-server/src/main/java/org/apache/cayenne/access/sqlbuilder/sqltree/ValueNode.java,1421
63,org.apache.cayenne.access.sqlbuilder.sqltree.FunctionNode,cayenne-server/src/main/java/org/apache/cayenne/access/sqlbuilder/sqltree/FunctionNode.java,1131
64,org.apache.cayenne.access.sqlbuilder.sqltree.Node,cayenne-server/src/main/java/org/apache/cayenne/access/sqlbuilder/sqltree/Node.java,1200
65,org.apache.cayenne.access.sqlbuilder.sqltree.InNode,cayenne-server/src/main/java/org/apache/cayenne/access/sqlbuilder/sqltree/InNode.java,1070
66,org.apache.cayenne.access.sqlbuilder.sqltree.Node,cayenne-server/src/main/java/org/apache/cayenne/access/sqlbuilder/sqltree/Node.java,1200
67,org.apache.cayenne.access.sqlbuilder.sqltree.ValueNode,cayenne-server/src/main/java/org/apache/cayenne/access/sqlbuilder/sqltree/ValueNode.java,1421
68,org.apache.cayenne.map.DbEntity,cayenne-server/src/main/java/org/apache/cayenne/map/DbEntity.java,2143
69,org.apache.cayenne.map.DbEntity,cayenne-server/src/main/java/org/apache/cayenne/map/DbEntity.java,2143
70,org.apache.cayenne.map.DbEntity,cayenne-server/src/main/java/org/apache/cayenne/map/DbEntity.java,2143
71,org.apache.cayenne.map.DbEntity,cayenne-server/src/main/java/org/apache/cayenne/map/DbEntity.java,2143
72,org.apache.cayenne.map.DbEntity,cayenne-server/src/main/java/org/apache/cayenne/map/DbEntity.java,2143
73,org.apache.cayenne.map.DbAttribute,cayenne-server/src/main/java/org/apache/cayenne/map/DbAttribute.java,1306
74,org.apache.cayenne.access.sqlbuilder.sqltree.Node,cayenne-server/src/main/java/org/apache/cayenne/access/sqlbuilder/sqltree/Node.java,1200
75,org.apache.cayenne.access.DataNode,cayenne-server/src/main/java/org/apache/cayenne/access/DataNode.java,2597
76,org.apache.cayenne.access.DataNode,cayenne-server/src/main/java/org/apache/cayenne/access/DataNode.java,2597
77,org.apache.cayenne.exp.parser.JavaCharStream,cayenne-server/src/main/java/org/apache/cayenne/exp/parser/JavaCharStream.java,1136
78,org.apache.cayenne.map.Attribute,cayenne-server/src/main/java/org/apache/cayenne/map/Attribute.java,1268
79,org.apache.cayenne.map.EntityResolver,cayenne-server/src/main/java/org/apache/cayenne/map/EntityResolver.java,1886
80,org.apache.cayenne.util.XMLEncoder,cayenne-server/src/main/java/org/apache/cayenne/util/XMLEncoder.java,1185
81,org.apache.cayenne.util.XMLEncoder,cayenne-server/src/main/java/org/apache/cayenne/util/XMLEncoder.java,1185
82,org.apache.cayenne.map.DbEntity,cayenne-server/src/main/java/org/apache/cayenne/map/DbEntity.java,2143
83,org.apache.cayenne.map.DbRelationship,cayenne-server/src/main/java/org/apache/cayenne/map/DbRelationship.java,1436
84,org.apache.cayenne.map.DbAttribute,cayenne-server/src/main/java/org/apache/cayenne/map/DbAttribute.java,1306
85,org.apache.cayenne.map.DbEntity,cayenne-server/src/main/java/org/apache/cayenne/map/DbEntity.java,2143
86,org.apache.cayenne.map.DbAttribute,cayenne-server/src/main/java/org/apache/cayenne/map/DbAttribute.java,1306
87,org.apache.cayenne.map.DbRelationship,cayenne-server/src/main/java/org/apache/cayenne/map/DbRelationship.java,1436
88,org.apache.cayenne.exp.Expression,cayenne-server/src/main/java/org/apache/cayenne/exp/Expression.java,1596
89,org.apache.cayenne.map.EntityResolver,cayenne-server/src/main/java/org/apache/cayenne/map/EntityResolver.java,1886
90,org.apache.cayenne.map.ObjEntity,cayenne-server/src/main/java/org/apache/cayenne/map/ObjEntity.java,1930
91,org.apache.cayenne.map.Entity,cayenne-server/src/main/java/org/apache/cayenne/map/Entity.java,1528
92,org.apache.cayenne.map.DbJoin,cayenne-server/src/main/java/org/apache/cayenne/map/DbJoin.java,1271
93,org.apache.cayenne.map.EntityResolver,cayenne-server/src/main/java/org/apache/cayenne/map/EntityResolver.java,1886
94,org.apache.cayenne.util.XMLEncoder,cayenne-server/src/main/java/org/apache/cayenne/util/XMLEncoder.java,1185
95,org.apache.cayenne.map.EmbeddableAttribute,cayenne-server/src/main/java/org/apache/cayenne/map/EmbeddableAttribute.java,1230
96,org.apache.cayenne.query.Orderings,cayenne-server/src/main/java/org/apache/cayenne/query/Orderings.java,1092
97,org.apache.cayenne.query.Ordering,cayenne-server/src/main/java/org/apache/cayenne/query/Ordering.java,1715
98,org.apache.cayenne.query.QueryCacheStrategy,cayenne-server/src/main/java/org/apache/cayenne/query/QueryCacheStrategy.java,985
99,org.apache.cayenne.query.QueryCacheStrategy,cayenne-server/src/main/java/org/apache/cayenne/query/QueryCacheStrategy.java,985
100,org.apache.cayenne.exp.Expression,cayenne-server/src/main/java/org/apache/cayenne/exp/Expression.java,1596
101,org.apache.cayenne.exp.Expression,cayenne-server/src/main/java/org/apache/cayenne/exp/Expression.java,1596
102,org.apache.cayenne.exp.Expression,cayenne-server/src/main/java/org/apache/cayenne/exp/Expression.java,1596
103,org.apache.cayenne.exp.Expression,cayenne-server/src/main/java/org/apache/cayenne/exp/Expression.java,1596
104,org.apache.cayenne.exp.Expression,cayenne-server/src/main/java/org/apache/cayenne/exp/Expression.java,1596
105,org.apache.cayenne.query.QueryCacheStrategy,cayenne-server/src/main/java/org/apache/cayenne/query/QueryCacheStrategy.java,985
106,org.apache.cayenne.query.QueryCacheStrategy,cayenne-server/src/main/java/org/apache/cayenne/query/QueryCacheStrategy.java,985
107,org.apache.cayenne.map.EntityResolver,cayenne-server/src/main/java/org/apache/cayenne/map/EntityResolver.java,1886
108,org.apache.cayenne.query.QueryCacheStrategy,cayenne-server/src/main/java/org/apache/cayenne/query/QueryCacheStrategy.java,985
109,org.apache.cayenne.query.QueryCacheStrategy,cayenne-server/src/main/java/org/apache/cayenne/query/QueryCacheStrategy.java,985
110,org.apache.cayenne.exp.property.BaseProperty,cayenne-server/src/main/java/org/apache/cayenne/exp/property/BaseProperty.java,1528
111,org.apache.cayenne.map.DbAttribute,cayenne-server/src/main/java/org/apache/cayenne/map/DbAttribute.java,1306
112,org.apache.cayenne.query.SQLTemplate,cayenne-server/src/main/java/org/apache/cayenne/query/SQLTemplate.java,1570
113,org.apache.cayenne.query.SelectQuery,cayenne-server/src/main/java/org/apache/cayenne/query/SelectQuery.java,1631
114,org.apache.cayenne.map.EntityResolver,cayenne-server/src/main/java/org/apache/cayenne/map/EntityResolver.java,1886
115,org.apache.cayenne.query.FluentSelect,cayenne-server/src/main/java/org/apache/cayenne/query/FluentSelect.java,1493
116,org.apache.cayenne.map.EntityResolver,cayenne-server/src/main/java/org/apache/cayenne/map/EntityResolver.java,1886
117,org.apache.cayenne.access.jdbc.SQLStatement,cayenne-server/src/main/java/org/apache/cayenne/access/jdbc/SQLStatement.java,1055
118,org.apache.cayenne.access.DataNode,cayenne-server/src/main/java/org/apache/cayenne/access/DataNode.java,2597
119,org.apache.cayenne.access.DataNode,cayenne-server/src/main/java/org/apache/cayenne/access/DataNode.java,2597
120,org.apache.cayenne.access.DataNode,cayenne-server/src/main/java/org/apache/cayenne/access/DataNode.java,2597
121,org.apache.cayenne.exp.Expression,cayenne-server/src/main/java/org/apache/cayenne/exp/Expression.java,1596
122,org.apache.cayenne.map.ObjRelationship,cayenne-server/src/main/java/org/apache/cayenne/map/ObjRelationship.java,1576
123,org.apache.cayenne.map.DbEntity,cayenne-server/src/main/java/org/apache/cayenne/map/DbEntity.java,2143
124,org.apache.cayenne.map.DbAttribute,cayenne-server/src/main/java/org/apache/cayenne/map/DbAttribute.java,1306
125,org.apache.cayenne.access.translator.select.TableTreeNode,cayenne-server/src/main/java/org/apache/cayenne/access/translator/select/TableTreeNode.java,1132
126,org.apache.cayenne.access.sqlbuilder.sqltree.Node,cayenne-server/src/main/java/org/apache/cayenne/access/sqlbuilder/sqltree/Node.java,1200
127,org.apache.cayenne.exp.property.BaseProperty,cayenne-server/src/main/java/org/apache/cayenne/exp/property/BaseProperty.java,1528
128,org.apache.cayenne.map.ProcedureParameter,cayenne-server/src/main/java/org/apache/cayenne/map/ProcedureParameter.java,1323
129,org.apache.cayenne.DataRow,cayenne-server/src/main/java/org/apache/cayenne/DataRow.java,1208
130,org.apache.cayenne.DataRow,cayenne-server/src/main/java/org/apache/cayenne/DataRow.java,1208
131,org.apache.cayenne.map.DbEntity,cayenne-server/src/main/java/org/apache/cayenne/map/DbEntity.java,2143
132,org.apache.cayenne.DataRow,cayenne-server/src/main/java/org/apache/cayenne/DataRow.java,1208
133,org.apache.cayenne.map.ObjEntity,cayenne-server/src/main/java/org/apache/cayenne/map/ObjEntity.java,1930
134,org.apache.cayenne.map.DbAttribute,cayenne-server/src/main/java/org/apache/cayenne/map/DbAttribute.java,1306
135,org.apache.cayenne.map.DbEntity,cayenne-server/src/main/java/org/apache/cayenne/map/DbEntity.java,2143
136,org.apache.cayenne.map.DbEntity,cayenne-server/src/main/java/org/apache/cayenne/map/DbEntity.java,2143
137,org.apache.cayenne.query.PrefetchSelectQuery,cayenne-server/src/main/java/org/apache/cayenne/query/PrefetchSelectQuery.java,1203
138,org.apache.cayenne.map.ObjRelationship,cayenne-server/src/main/java/org/apache/cayenne/map/ObjRelationship.java,1576
139,org.apache.cayenne.reflect.PersistentDescriptor,cayenne-server/src/main/java/org/apache/cayenne/reflect/PersistentDescriptor.java,1595
140,org.apache.cayenne.map.ObjEntity,cayenne-server/src/main/java/org/apache/cayenne/map/ObjEntity.java,1930
141,org.apache.cayenne.reflect.PersistentDescriptor,cayenne-server/src/main/java/org/apache/cayenne/reflect/PersistentDescriptor.java,1595
142,org.apache.cayenne.map.EntityInheritanceTree,cayenne-server/src/main/java/org/apache/cayenne/map/EntityInheritanceTree.java,1150
143,org.apache.cayenne.reflect.PersistentDescriptor,cayenne-server/src/main/java/org/apache/cayenne/reflect/PersistentDescriptor.java,1595
144,org.apache.cayenne.map.ObjRelationship,cayenne-server/src/main/java/org/apache/cayenne/map/ObjRelationship.java,1576
145,org.apache.cayenne.template.Context,cayenne-server/src/main/java/org/apache/cayenne/template/Context.java,1315
146,org.apache.cayenne.template.Context,cayenne-server/src/main/java/org/apache/cayenne/template/Context.java,1315
147,org.apache.cayenne.template.parser.JavaCharStream,cayenne-server/src/main/java/org/apache/cayenne/template/parser/JavaCharStream.java,1025
148,org.apache.cayenne.map.DbRelationship,cayenne-server/src/main/java/org/apache/cayenne/map/DbRelationship.java,1436
149,org.apache.cayenne.configuration.DataNodeDescriptor,cayenne-server/src/main/java/org/apache/cayenne/configuration/DataNodeDescriptor.java,1436
150,org.apache.cayenne.configuration.DataNodeDescriptor,cayenne-server/src/main/java/org/apache/cayenne/configuration/DataNodeDescriptor.java,1436
151,org.apache.cayenne.configuration.DataChannelDescriptor,cayenne-server/src/main/java/org/apache/cayenne/configuration/DataChannelDescriptor.java,1357
152,org.apache.cayenne.swing.BindingFactory,modeler/cayenne-modeler/src/main/java/org/apache/cayenne/swing/BindingFactory.java,1037
153,org.apache.cayenne.modeler.util.RecentFileMenu,modeler/cayenne-modeler/src/main/java/org/apache/cayenne/modeler/util/RecentFileMenu.java,1429
154,org.apache.cayenne.modeler.util.NameGeneratorPreferences,modeler/cayenne-modeler/src/main/java/org/apache/cayenne/modeler/util/NameGeneratorPreferences.java,1311
155,org.apache.cayenne.modeler.action.dbimport.MoveImportNodeAction,modeler/cayenne-modeler/src/main/java/org/apache/cayenne/modeler/action/dbimport/MoveImportNodeAction.java,2195
156,org.apache.cayenne.modeler.action.dbimport.AddPatternParamAction,modeler/cayenne-modeler/src/main/java/org/apache/cayenne/modeler/action/dbimport/AddPatternParamAction.java,1784
157,org.apache.cayenne.modeler.action.dbimport.AddPatternParamAction,modeler/cayenne-modeler/src/main/java/org/apache/cayenne/modeler/action/dbimport/AddPatternParamAction.java,1784
158,org.apache.cayenne.modeler.action.RemoveAction,modeler/cayenne-modeler/src/main/java/org/apache/cayenne/modeler/action/RemoveAction.java,3629
159,org.apache.cayenne.modeler.action.RemoveAction,modeler/cayenne-modeler/src/main/java/org/apache/cayenne/modeler/action/RemoveAction.java,3629
160,org.apache.cayenne.modeler.action.RemoveAction,modeler/cayenne-modeler/src/main/java/org/apache/cayenne/modeler/action/RemoveAction.java,3629
161,org.apache.cayenne.modeler.action.RemoveAction,modeler/cayenne-modeler/src/main/java/org/apache/cayenne/modeler/action/RemoveAction.java,3629
162,org.apache.cayenne.modeler.action.RemoveAction,modeler/cayenne-modeler/src/main/java/org/apache/cayenne/modeler/action/RemoveAction.java,3629
163,org.apache.cayenne.modeler.action.RemoveAction,modeler/cayenne-modeler/src/main/java/org/apache/cayenne/modeler/action/RemoveAction.java,3629
164,org.apache.cayenne.modeler.action.DBWizardAction,modeler/cayenne-modeler/src/main/java/org/apache/cayenne/modeler/action/DBWizardAction.java,1474
165,org.apache.cayenne.modeler.action.OpenProjectAction,modeler/cayenne-modeler/src/main/java/org/apache/cayenne/modeler/action/OpenProjectAction.java,1991
166,org.apache.cayenne.modeler.action.LoadDbSchemaAction,modeler/cayenne-modeler/src/main/java/org/apache/cayenne/modeler/action/LoadDbSchemaAction.java,2157
167,org.apache.cayenne.modeler.action.ReverseEngineeringAction,modeler/cayenne-modeler/src/main/java/org/apache/cayenne/modeler/action/ReverseEngineeringAction.java,2030
168,org.apache.cayenne.modeler.action.ReverseEngineeringAction,modeler/cayenne-modeler/src/main/java/org/apache/cayenne/modeler/action/ReverseEngineeringAction.java,2030
169,org.apache.cayenne.modeler.action.CreateCallbackMethodAction,modeler/cayenne-modeler/src/main/java/org/apache/cayenne/modeler/action/CreateCallbackMethodAction.java,1546
170,org.apache.cayenne.modeler.action.RemoveCallbackMethodAction,modeler/cayenne-modeler/src/main/java/org/apache/cayenne/modeler/action/RemoveCallbackMethodAction.java,1532
171,org.apache.cayenne.modeler.dialog.db.load.DbLoaderContext,modeler/cayenne-modeler/src/main/java/org/apache/cayenne/modeler/dialog/db/load/DbLoaderContext.java,1887
172,org.apache.cayenne.modeler.dialog.db.load.DbLoaderContext,modeler/cayenne-modeler/src/main/java/org/apache/cayenne/modeler/dialog/db/load/DbLoaderContext.java,1887
173,org.apache.cayenne.modeler.dialog.autorelationship.InferRelationshipsControllerBase,modeler/cayenne-modeler/src/main/java/org/apache/cayenne/modeler/dialog/autorelationship/InferRelationshipsControllerBase.java,1520
174,org.apache.cayenne.modeler.dialog.autorelationship.InferRelationshipsControllerBase,modeler/cayenne-modeler/src/main/java/org/apache/cayenne/modeler/dialog/autorelationship/InferRelationshipsControllerBase.java,1520
175,org.apache.cayenne.modeler.editor.dbimport.DbImportTree,modeler/cayenne-modeler/src/main/java/org/apache/cayenne/modeler/editor/dbimport/DbImportTree.java,2034
176,org.apache.cayenne.modeler.editor.dbimport.DbImportTree,modeler/cayenne-modeler/src/main/java/org/apache/cayenne/modeler/editor/dbimport/DbImportTree.java,2034
177,org.apache.cayenne.modeler.editor.dbimport.DbImportTree,modeler/cayenne-modeler/src/main/java/org/apache/cayenne/modeler/editor/dbimport/DbImportTree.java,2034
178,org.apache.cayenne.modeler.editor.dbimport.DbImportTree,modeler/cayenne-modeler/src/main/java/org/apache/cayenne/modeler/editor/dbimport/DbImportTree.java,2034
179,org.apache.cayenne.modeler.editor.dbimport.DbImportNodeHandler,modeler/cayenne-modeler/src/main/java/org/apache/cayenne/modeler/editor/dbimport/DbImportNodeHandler.java,1711
180,org.apache.cayenne.modeler.editor.dbimport.DbImportNodeHandler,modeler/cayenne-modeler/src/main/java/org/apache/cayenne/modeler/editor/dbimport/DbImportNodeHandler.java,1711
181,org.apache.cayenne.modeler.editor.dbimport.DbImportNodeHandler,modeler/cayenne-modeler/src/main/java/org/apache/cayenne/modeler/editor/dbimport/DbImportNodeHandler.java,1711
182,org.apache.cayenne.modeler.editor.dbimport.DbImportTreeCellEditor,modeler/cayenne-modeler/src/main/java/org/apache/cayenne/modeler/editor/dbimport/DbImportTreeCellEditor.java,1625
183,org.apache.cayenne.modeler.editor.validation.ObjAttributeWrapperValidator,modeler/cayenne-modeler/src/main/java/org/apache/cayenne/modeler/editor/validation/ObjAttributeWrapperValidator.java,1313
184,org.apache.cayenne.modeler.editor.ObjCallbackMethod,modeler/cayenne-modeler/src/main/java/org/apache/cayenne/modeler/editor/ObjCallbackMethod.java,1182
185,org.apache.cayenne.modeler.editor.ObjAttributeTableModel.ObjAttributeTableComparator,modeler/cayenne-modeler/src/main/java/org/apache/cayenne/modeler/editor/ObjAttributeTableModel.java,15117
186,org.apache.cayenne.modeler.editor.ObjAttributeTableModel,modeler/cayenne-modeler/src/main/java/org/apache/cayenne/modeler/editor/ObjAttributeTableModel.java,2398
187,org.apache.cayenne.modeler.editor.ObjAttributeTableModel,modeler/cayenne-modeler/src/main/java/org/apache/cayenne/modeler/editor/ObjAttributeTableModel.java,2398
188,org.apache.cayenne.modeler.editor.ObjAttributeTableModel,modeler/cayenne-modeler/src/main/java/org/apache/cayenne/modeler/editor/ObjAttributeTableModel.java,2398
189,org.apache.cayenne.modeler.editor.ObjAttributeTableModel,modeler/cayenne-modeler/src/main/java/org/apache/cayenne/modeler/editor/ObjAttributeTableModel.java,2398
190,org.apache.cayenne.modeler.editor.ObjAttributeTableModel,modeler/cayenne-modeler/src/main/java/org/apache/cayenne/modeler/editor/ObjAttributeTableModel.java,2398
191,org.apache.cayenne.modeler.editor.AbstractCallbackMethodsTab,modeler/cayenne-modeler/src/main/java/org/apache/cayenne/modeler/editor/AbstractCallbackMethodsTab.java,3223
192,org.apache.cayenne.wocompat.parser.ParserTokenManager,modeler/cayenne-wocompat/src/main/java/org/apache/cayenne/wocompat/parser/ParserTokenManager.java,1071
193,org.apache.cayenne.gen.xml.CgenSaverDelegate,cayenne-cgen/src/main/java/org/apache/cayenne/gen/xml/CgenSaverDelegate.java,1309
194,org.apache.cayenne.gen.ClassGenerationAction,cayenne-cgen/src/main/java/org/apache/cayenne/gen/ClassGenerationAction.java,1683
195,org.apache.cayenne.dbsync.merge.token.db.AbstractToDbToken,cayenne-dbsync/src/main/java/org/apache/cayenne/dbsync/merge/token/db/AbstractToDbToken.java,1594
196,org.apache.cayenne.dbsync.reverse.dbimport.DefaultDbImportAction,cayenne-dbsync/src/main/java/org/apache/cayenne/dbsync/reverse/dbimport/DefaultDbImportAction.java,3579
197,org.apache.cayenne.dbsync.reverse.dbimport.DefaultDbImportAction,cayenne-dbsync/src/main/java/org/apache/cayenne/dbsync/reverse/dbimport/DefaultDbImportAction.java,3579
198,org.apache.cayenne.dbsync.reverse.dbimport.DefaultDbImportAction,cayenne-dbsync/src/main/java/org/apache/cayenne/dbsync/reverse/dbimport/DefaultDbImportAction.java,3579
199,org.apache.cayenne.dbsync.reverse.dbimport.DefaultDbImportAction,cayenne-dbsync/src/main/java/org/apache/cayenne/dbsync/reverse/dbimport/DefaultDbImportAction.java,3579
200,org.apache.cayenne.dbsync.reverse.dbimport.DefaultDbImportAction,cayenne-dbsync/src/main/java/org/apache/cayenne/dbsync/reverse/dbimport/DefaultDbImportAction.java,3579
201,org.apache.cayenne.dba.db2.DB2SQLTreeProcessor,cayenne-server/src/main/java/org/apache/cayenne/dba/db2/DB2SQLTreeProcessor.java,1650
202,org.apache.cayenne.dba.derby.DerbySQLTreeProcessor,cayenne-server/src/main/java/org/apache/cayenne/dba/derby/DerbySQLTreeProcessor.java,1710
203,org.apache.cayenne.dba.hsqldb.HSQLTreeProcessor,cayenne-server/src/main/java/org/apache/cayenne/dba/hsqldb/HSQLTreeProcessor.java,1395
204,org.apache.cayenne.dba.oracle.OraclePkGenerator,cayenne-server/src/main/java/org/apache/cayenne/dba/oracle/OraclePkGenerator.java,1465
205,org.apache.cayenne.dba.oracle.OracleSQLTreeProcessor,cayenne-server/src/main/java/org/apache/cayenne/dba/oracle/OracleSQLTreeProcessor.java,2123
206,org.apache.cayenne.dba.sqlite.SQLiteTreeProcessor,cayenne-server/src/main/java/org/apache/cayenne/dba/sqlite/SQLiteTreeProcessor.java,568
207,org.apache.cayenne.dba.firebird.FirebirdSQLTreeProcessor,cayenne-server/src/main/java/org/apache/cayenne/dba/firebird/FirebirdSQLTreeProcessor.java,2081
208,org.apache.cayenne.dba.openbase.OpenBasePkGenerator,cayenne-server/src/main/java/org/apache/cayenne/dba/openbase/OpenBasePkGenerator.java,1590
209,org.apache.cayenne.dba.openbase.OpenBasePkGenerator,cayenne-server/src/main/java/org/apache/cayenne/dba/openbase/OpenBasePkGenerator.java,1590
210,org.apache.cayenne.dba.openbase.OpenBasePkGenerator,cayenne-server/src/main/java/org/apache/cayenne/dba/openbase/OpenBasePkGenerator.java,1590
211,org.apache.cayenne.dba.openbase.OpenBasePkGenerator,cayenne-server/src/main/java/org/apache/cayenne/dba/openbase/OpenBasePkGenerator.java,1590
212,org.apache.cayenne.dba.postgres.PostgresAdapter,cayenne-server/src/main/java/org/apache/cayenne/dba/postgres/PostgresAdapter.java,2265
213,org.apache.cayenne.dba.sqlserver.SQLServerTreeProcessor,cayenne-server/src/main/java/org/apache/cayenne/dba/sqlserver/SQLServerTreeProcessor.java,1712
214,org.apache.cayenne.dba.JdbcPkGenerator,cayenne-server/src/main/java/org/apache/cayenne/dba/JdbcPkGenerator.java,1882
215,org.apache.cayenne.dba.JdbcPkGenerator,cayenne-server/src/main/java/org/apache/cayenne/dba/JdbcPkGenerator.java,1882
216,org.apache.cayenne.exp.parser.ExpressionParserTokenManager,cayenne-server/src/main/java/org/apache/cayenne/exp/parser/ExpressionParserTokenManager.java,1183
217,org.apache.cayenne.map.Entity,cayenne-server/src/main/java/org/apache/cayenne/map/Entity.java,1528
218,org.apache.cayenne.map.DataMap,cayenne-server/src/main/java/org/apache/cayenne/map/DataMap.java,1865
219,org.apache.cayenne.map.DataMap,cayenne-server/src/main/java/org/apache/cayenne/map/DataMap.java,1865
220,org.apache.cayenne.map.DataMap,cayenne-server/src/main/java/org/apache/cayenne/map/DataMap.java,1865
221,org.apache.cayenne.map.DataMap,cayenne-server/src/main/java/org/apache/cayenne/map/DataMap.java,1865
222,org.apache.cayenne.map.DbEntity.RelationshipPathConverter,cayenne-server/src/main/java/org/apache/cayenne/map/DbEntity.java,19892
223,org.apache.cayenne.map.DbEntity,cayenne-server/src/main/java/org/apache/cayenne/map/DbEntity.java,2143
224,org.apache.cayenne.map.ObjEntity,cayenne-server/src/main/java/org/apache/cayenne/map/ObjEntity.java,1930
225,org.apache.cayenne.map.ObjEntity,cayenne-server/src/main/java/org/apache/cayenne/map/ObjEntity.java,1930
226,org.apache.cayenne.map.ObjEntity,cayenne-server/src/main/java/org/apache/cayenne/map/ObjEntity.java,1930
227,org.apache.cayenne.map.ObjEntity,cayenne-server/src/main/java/org/apache/cayenne/map/ObjEntity.java,1930
228,org.apache.cayenne.map.EntityResult,cayenne-server/src/main/java/org/apache/cayenne/map/EntityResult.java,1168
229,org.apache.cayenne.map.ObjAttribute,cayenne-server/src/main/java/org/apache/cayenne/map/ObjAttribute.java,1347
230,org.apache.cayenne.map.Relationship,cayenne-server/src/main/java/org/apache/cayenne/map/Relationship.java,1210
231,org.apache.cayenne.map.DbRelationship,cayenne-server/src/main/java/org/apache/cayenne/map/DbRelationship.java,1436
232,org.apache.cayenne.map.ObjRelationship,cayenne-server/src/main/java/org/apache/cayenne/map/ObjRelationship.java,1576
233,org.apache.cayenne.map.QueryDescriptor,cayenne-server/src/main/java/org/apache/cayenne/map/QueryDescriptor.java,1368
234,org.apache.cayenne.map.EmbeddedAttribute,cayenne-server/src/main/java/org/apache/cayenne/map/EmbeddedAttribute.java,1317
235,org.apache.cayenne.query.Ordering,cayenne-server/src/main/java/org/apache/cayenne/query/Ordering.java,1715
236,org.apache.cayenne.query.Orderings,cayenne-server/src/main/java/org/apache/cayenne/query/Orderings.java,1092
237,org.apache.cayenne.query.SQLSelect,cayenne-server/src/main/java/org/apache/cayenne/query/SQLSelect.java,1492
238,org.apache.cayenne.query.SelectById,cayenne-server/src/main/java/org/apache/cayenne/query/SelectById.java,1613
239,org.apache.cayenne.query.SelectQuery,cayenne-server/src/main/java/org/apache/cayenne/query/SelectQuery.java,1631
240,org.apache.cayenne.query.SelectQuery,cayenne-server/src/main/java/org/apache/cayenne/query/SelectQuery.java,1631
241,org.apache.cayenne.query.SelectQuery,cayenne-server/src/main/java/org/apache/cayenne/query/SelectQuery.java,1631
242,org.apache.cayenne.query.SelectQuery,cayenne-server/src/main/java/org/apache/cayenne/query/SelectQuery.java,1631
243,org.apache.cayenne.query.SelectQuery,cayenne-server/src/main/java/org/apache/cayenne/query/SelectQuery.java,1631
244,org.apache.cayenne.query.ColumnSelect,cayenne-server/src/main/java/org/apache/cayenne/query/ColumnSelect.java,1650
245,org.apache.cayenne.query.ColumnSelect,cayenne-server/src/main/java/org/apache/cayenne/query/ColumnSelect.java,1650
246,org.apache.cayenne.query.FluentSelect,cayenne-server/src/main/java/org/apache/cayenne/query/FluentSelect.java,1493
247,org.apache.cayenne.query.ObjectSelect,cayenne-server/src/main/java/org/apache/cayenne/query/ObjectSelect.java,1707
248,org.apache.cayenne.query.ObjectSelect,cayenne-server/src/main/java/org/apache/cayenne/query/ObjectSelect.java,1707
249,org.apache.cayenne.query.ObjectSelect,cayenne-server/src/main/java/org/apache/cayenne/query/ObjectSelect.java,1707
250,org.apache.cayenne.query.BatchQueryRow,cayenne-server/src/main/java/org/apache/cayenne/query/BatchQueryRow.java,1175
251,org.apache.cayenne.query.SQLTemplateMetadata,cayenne-server/src/main/java/org/apache/cayenne/query/SQLTemplateMetadata.java,1269
252,org.apache.cayenne.query.SelectQueryMetadata,cayenne-server/src/main/java/org/apache/cayenne/query/SelectQueryMetadata.java,1589
253,org.apache.cayenne.query.ObjectSelectMetadata,cayenne-server/src/main/java/org/apache/cayenne/query/ObjectSelectMetadata.java,1375
254,org.apache.cayenne.access.jdbc.SQLTemplateAction,cayenne-server/src/main/java/org/apache/cayenne/access/jdbc/SQLTemplateAction.java,2198
255,org.apache.cayenne.access.dbsync.CreateIfNoSchemaStrategy,cayenne-server/src/main/java/org/apache/cayenne/access/dbsync/CreateIfNoSchemaStrategy.java,1460
256,org.apache.cayenne.access.dbsync.CreateIfNoSchemaStrategy,cayenne-server/src/main/java/org/apache/cayenne/access/dbsync/CreateIfNoSchemaStrategy.java,1460
257,org.apache.cayenne.access.dbsync.ThrowOnPartialOrCreateSchemaStrategy,cayenne-server/src/main/java/org/apache/cayenne/access/dbsync/ThrowOnPartialOrCreateSchemaStrategy.java,1340
258,org.apache.cayenne.access.translator.ejbql.EJBQLJoinAppender,cayenne-server/src/main/java/org/apache/cayenne/access/translator/ejbql/EJBQLJoinAppender.java,1689
259,org.apache.cayenne.access.translator.ejbql.EJBQLPathTranslator,cayenne-server/src/main/java/org/apache/cayenne/access/translator/ejbql/EJBQLPathTranslator.java,1711
260,org.apache.cayenne.access.translator.ejbql.EJBQLAggregateColumnTranslator,cayenne-server/src/main/java/org/apache/cayenne/access/translator/ejbql/EJBQLAggregateColumnTranslator.java,1583
261,org.apache.cayenne.access.translator.select.PathProcessor,cayenne-server/src/main/java/org/apache/cayenne/access/translator/select/PathProcessor.java,1260
262,org.apache.cayenne.access.translator.select.TableTreeStage,cayenne-server/src/main/java/org/apache/cayenne/access/translator/select/TableTreeStage.java,1556
263,org.apache.cayenne.access.translator.select.BaseSQLTreeProcessor,cayenne-server/src/main/java/org/apache/cayenne/access/translator/select/BaseSQLTreeProcessor.java,1627
264,org.apache.cayenne.access.translator.select.CustomColumnSetExtractor,cayenne-server/src/main/java/org/apache/cayenne/access/translator/select/CustomColumnSetExtractor.java,1517
265,org.apache.cayenne.access.translator.procedure.ProcedureTranslator,cayenne-server/src/main/java/org/apache/cayenne/access/translator/procedure/ProcedureTranslator.java,1684
266,org.apache.cayenne.access.DataContext,cayenne-server/src/main/java/org/apache/cayenne/access/DataContext.java,2877
267,org.apache.cayenne.access.DataContext,cayenne-server/src/main/java/org/apache/cayenne/access/DataContext.java,2877
268,org.apache.cayenne.access.DbGenerator,cayenne-server/src/main/java/org/apache/cayenne/access/DbGenerator.java,2145
269,org.apache.cayenne.access.ObjectResolver,cayenne-server/src/main/java/org/apache/cayenne/access/ObjectResolver.java,1678
270,org.apache.cayenne.access.DataDomainSyncBucket,cayenne-server/src/main/java/org/apache/cayenne/access/DataDomainSyncBucket.java,1900
271,org.apache.cayenne.access.DataDomainInsertBucket,cayenne-server/src/main/java/org/apache/cayenne/access/DataDomainInsertBucket.java,1671
272,org.apache.cayenne.access.DataDomainUpdateBucket,cayenne-server/src/main/java/org/apache/cayenne/access/DataDomainUpdateBucket.java,1586
273,org.apache.cayenne.access.DataDomainFlattenedBucket,cayenne-server/src/main/java/org/apache/cayenne/access/DataDomainFlattenedBucket.java,1452
274,org.apache.cayenne.access.HierarchicalObjectResolver.DisjointByIdProcessor,cayenne-server/src/main/java/org/apache/cayenne/access/HierarchicalObjectResolver.java,4103
275,org.apache.cayenne.ashwood.AshwoodEntitySorter,cayenne-server/src/main/java/org/apache/cayenne/ashwood/AshwoodEntitySorter.java,2086
276,org.apache.cayenne.reflect.PersistentDescriptorFactory,cayenne-server/src/main/java/org/apache/cayenne/reflect/PersistentDescriptorFactory.java,1682
277,org.apache.cayenne.reflect.PersistentDescriptorFactory,cayenne-server/src/main/java/org/apache/cayenne/reflect/PersistentDescriptorFactory.java,1682
278,org.apache.cayenne.reflect.PersistentDescriptorFactory,cayenne-server/src/main/java/org/apache/cayenne/reflect/PersistentDescriptorFactory.java,1682
279,org.apache.cayenne.reflect.PersistentDescriptorFactory,cayenne-server/src/main/java/org/apache/cayenne/reflect/PersistentDescriptorFactory.java,1682
280,org.apache.cayenne.template.parser.ASTArray,cayenne-server/src/main/java/org/apache/cayenne/template/parser/ASTArray.java,1067
281,org.apache.cayenne.template.parser.ASTMethod,cayenne-server/src/main/java/org/apache/cayenne/template/parser/ASTMethod.java,1124
282,org.apache.cayenne.template.parser.SQLTemplateParserTokenManager,cayenne-server/src/main/java/org/apache/cayenne/template/parser/SQLTemplateParserTokenManager.java,1088
283,org.apache.cayenne.DataRow,cayenne-server/src/main/java/org/apache/cayenne/DataRow.java,1208
284,org.apache.cayenne.configuration.server.DelegatingDataSourceFactory,cayenne-server/src/main/java/org/apache/cayenne/configuration/server/DelegatingDataSourceFactory.java,1558
285,org.apache.cayenne.configuration.DefaultDataChannelDescriptorMerger,cayenne-server/src/main/java/org/apache/cayenne/configuration/DefaultDataChannelDescriptorMerger.java,1090
