0,org.junit.jupiter.engine.script.Script,junit-jupiter-engine/src/main/java/org/junit/jupiter/engine/script/Script.java,567
1,org.junit.jupiter.engine.extension.ExtensionRegistry,junit-jupiter-engine/src/main/java/org/junit/jupiter/engine/extension/ExtensionRegistry.java,1250
2,org.junit.jupiter.engine.execution.JupiterEngineExecutionContext,junit-jupiter-engine/src/main/java/org/junit/jupiter/engine/execution/JupiterEngineExecutionContext.java,995
3,org.junit.jupiter.engine.execution.JupiterEngineExecutionContext,junit-jupiter-engine/src/main/java/org/junit/jupiter/engine/execution/JupiterEngineExecutionContext.java,995
4,org.junit.jupiter.api.extension.ConditionEvaluationResult,junit-jupiter-api/src/main/java/org/junit/jupiter/api/extension/ConditionEvaluationResult.java,528
5,org.junit.platform.engine.UniqueId,junit-platform-engine/src/main/java/org/junit/platform/engine/UniqueId.java,837
6,org.junit.jupiter.engine.execution.JupiterEngineExecutionContext,junit-jupiter-engine/src/main/java/org/junit/jupiter/engine/execution/JupiterEngineExecutionContext.java,995
7,org.junit.jupiter.engine.execution.JupiterEngineExecutionContext,junit-jupiter-engine/src/main/java/org/junit/jupiter/engine/execution/JupiterEngineExecutionContext.java,995
8,org.junit.jupiter.engine.extension.ExtensionRegistry,junit-jupiter-engine/src/main/java/org/junit/jupiter/engine/extension/ExtensionRegistry.java,1250
9,org.junit.platform.engine.ExecutionRequest,junit-platform-engine/src/main/java/org/junit/platform/engine/ExecutionRequest.java,493
10,org.junit.vintage.engine.descriptor.RunnerTestDescriptor,junit-vintage-engine/src/main/java/org/junit/vintage/engine/descriptor/RunnerTestDescriptor.java,1136
11,org.junit.vintage.engine.execution.RunnerExecutor,junit-vintage-engine/src/main/java/org/junit/vintage/engine/execution/RunnerExecutor.java,791
12,org.junit.platform.launcher.TestIdentifier,junit-platform-launcher/src/main/java/org/junit/platform/launcher/TestIdentifier.java,985
13,org.junit.platform.launcher.TestIdentifier,junit-platform-launcher/src/main/java/org/junit/platform/launcher/TestIdentifier.java,985
14,org.junit.platform.console.options.CommandLineOptions,junit-platform-console/src/main/java/org/junit/platform/console/options/CommandLineOptions.java,927
15,org.junit.platform.console.options.CommandLineOptions,junit-platform-console/src/main/java/org/junit/platform/console/options/CommandLineOptions.java,927
16,org.junit.platform.console.options.CommandLineOptions,junit-platform-console/src/main/java/org/junit/platform/console/options/CommandLineOptions.java,927
17,org.junit.platform.launcher.TestIdentifier,junit-platform-launcher/src/main/java/org/junit/platform/launcher/TestIdentifier.java,985
18,org.junit.platform.engine.TestExecutionResult,junit-platform-engine/src/main/java/org/junit/platform/engine/TestExecutionResult.java,806
19,org.junit.platform.launcher.TestIdentifier,junit-platform-launcher/src/main/java/org/junit/platform/launcher/TestIdentifier.java,985
20,org.junit.platform.launcher.TestIdentifier,junit-platform-launcher/src/main/java/org/junit/platform/launcher/TestIdentifier.java,985
21,org.junit.jupiter.engine.extension.ScriptExecutionEvaluator,junit-jupiter-engine/src/main/java/org/junit/jupiter/engine/extension/ScriptExecutionEvaluator.java,1108
22,org.junit.jupiter.engine.descriptor.ClassTestDescriptor,junit-jupiter-engine/src/main/java/org/junit/jupiter/engine/descriptor/ClassTestDescriptor.java,3382
23,org.junit.jupiter.engine.descriptor.ClassTestDescriptor,junit-jupiter-engine/src/main/java/org/junit/jupiter/engine/descriptor/ClassTestDescriptor.java,3382
24,org.junit.jupiter.engine.descriptor.ClassTestDescriptor,junit-jupiter-engine/src/main/java/org/junit/jupiter/engine/descriptor/ClassTestDescriptor.java,3382
25,org.junit.jupiter.engine.descriptor.JupiterTestDescriptor,junit-jupiter-engine/src/main/java/org/junit/jupiter/engine/descriptor/JupiterTestDescriptor.java,2250
26,org.junit.jupiter.engine.descriptor.DynamicDescendantFilter,junit-jupiter-engine/src/main/java/org/junit/jupiter/engine/descriptor/DynamicDescendantFilter.java,628
27,org.junit.jupiter.engine.descriptor.TestMethodTestDescriptor,junit-jupiter-engine/src/main/java/org/junit/jupiter/engine/descriptor/TestMethodTestDescriptor.java,2342
28,org.junit.jupiter.engine.descriptor.TestMethodTestDescriptor,junit-jupiter-engine/src/main/java/org/junit/jupiter/engine/descriptor/TestMethodTestDescriptor.java,2342
29,org.junit.jupiter.engine.descriptor.TestTemplateTestDescriptor,junit-jupiter-engine/src/main/java/org/junit/jupiter/engine/descriptor/TestTemplateTestDescriptor.java,1353
30,org.junit.jupiter.engine.JupiterTestEngine,junit-jupiter-engine/src/main/java/org/junit/jupiter/engine/JupiterTestEngine.java,1567
31,org.junit.vintage.engine.discovery.UniqueIdFilter,junit-vintage-engine/src/main/java/org/junit/vintage/engine/discovery/UniqueIdFilter.java,849
32,org.junit.vintage.engine.VintageTestEngine,junit-vintage-engine/src/main/java/org/junit/vintage/engine/VintageTestEngine.java,1109
33,org.junit.platform.runner.JUnitPlatformTestTree,junit-platform-runner/src/main/java/org/junit/platform/runner/JUnitPlatformTestTree.java,1260
34,org.junit.platform.runner.JUnitPlatformTestTree,junit-platform-runner/src/main/java/org/junit/platform/runner/JUnitPlatformTestTree.java,1260
35,org.junit.platform.console.tasks.DiscoveryRequestCreator,junit-platform-console/src/main/java/org/junit/platform/console/tasks/DiscoveryRequestCreator.java,1929
36,org.junit.platform.console.tasks.DiscoveryRequestCreator,junit-platform-console/src/main/java/org/junit/platform/console/tasks/DiscoveryRequestCreator.java,1929
37,org.junit.platform.console.tasks.DiscoveryRequestCreator,junit-platform-console/src/main/java/org/junit/platform/console/tasks/DiscoveryRequestCreator.java,1929
38,org.junit.platform.console.tasks.VerboseTreePrintingListener,junit-platform-console/src/main/java/org/junit/platform/console/tasks/VerboseTreePrintingListener.java,891
39,org.junit.platform.console.options.Theme,junit-platform-console/src/main/java/org/junit/platform/console/options/Theme.java,579
40,org.junit.platform.reporting.legacy.xml.XmlReportWriter,junit-platform-reporting/src/main/java/org/junit/platform/reporting/legacy/xml/XmlReportWriter.java,1647
41,org.junit.platform.reporting.legacy.xml.LegacyXmlReportGeneratingListener,junit-platform-reporting/src/main/java/org/junit/platform/reporting/legacy/xml/LegacyXmlReportGeneratingListener.java,997
