0,org.springframework.transaction.jta.JtaTransactionManager.doJtaSuspend,spring-tx/src/main/java/org/springframework/transaction/jta/JtaTransactionManager.java,39527,157,138
1,org.springframework.transaction.config.AnnotationDrivenBeanDefinitionParser.registerTransactionalEventListenerFactory,spring-tx/src/main/java/org/springframework/transaction/config/AnnotationDrivenBeanDefinitionParser.java,4654,202,177
2,org.springframework.transaction.support.AbstractPlatformTransactionManager.prepareSynchronization,spring-tx/src/main/java/org/springframework/transaction/support/AbstractPlatformTransactionManager.java,23638,146,170
3,org.springframework.transaction.annotation.JtaTransactionAnnotationParser.parseTransactionAnnotation,spring-tx/src/main/java/org/springframework/transaction/annotation/JtaTransactionAnnotationParser.java,2347,148,193
4,org.springframework.transaction.annotation.SpringTransactionAnnotationParser.parseTransactionAnnotation,spring-tx/src/main/java/org/springframework/transaction/annotation/SpringTransactionAnnotationParser.java,2292,142,193
5,org.springframework.aop.config.ConfigBeanDefinitionParser.createAspectComponentDefinition,spring-aop/src/main/java/org/springframework/aop/config/ConfigBeanDefinitionParser.java,10542,183,177
6,org.springframework.aop.config.AspectJAutoProxyBeanDefinitionParser.addIncludePatterns,spring-aop/src/main/java/org/springframework/aop/config/AspectJAutoProxyBeanDefinitionParser.java,2035,156,177
7,org.springframework.aop.framework.DefaultAopProxyFactory.hasNoUserSuppliedProxyInterfaces,spring-aop/src/main/java/org/springframework/aop/framework/DefaultAopProxyFactory.java,2261,35,83
8,org.springframework.jms.core.JmsTemplate.setQosSettings,spring-jms/src/main/java/org/springframework/jms/core/JmsTemplate.java,12799,93,76
9,org.springframework.jms.core.JmsMessagingTemplate.convertJmsException,spring-jms/src/main/java/org/springframework/jms/core/JmsMessagingTemplate.java,13799,210,32
10,org.springframework.orm.jpa.support.OpenEntityManagerInViewFilter.applyEntityManagerBindingInterceptor,spring-orm/src/main/java/org/springframework/orm/jpa/support/OpenEntityManagerInViewFilter.java,9617,95,145
11,org.springframework.orm.jpa.support.OpenEntityManagerInViewInterceptor.applyEntityManagerBindingInterceptor,spring-orm/src/main/java/org/springframework/orm/jpa/support/OpenEntityManagerInViewInterceptor.java,6270,36,145
12,org.springframework.orm.jpa.persistenceunit.DefaultPersistenceUnitManager.postProcessPersistenceUnitInfo,spring-orm/src/main/java/org/springframework/orm/jpa/persistenceunit/DefaultPersistenceUnitManager.java,28430,97,190
13,org.springframework.orm.hibernate5.support.OpenSessionInViewFilter.applySessionBindingInterceptor,spring-orm/src/main/java/org/springframework/orm/hibernate5/support/OpenSessionInViewFilter.java,8532,159,145
14,org.springframework.orm.hibernate5.support.OpenSessionInViewInterceptor.applySessionBindingInterceptor,spring-orm/src/main/java/org/springframework/orm/hibernate5/support/OpenSessionInViewInterceptor.java,8289,109,145
15,org.springframework.web.bind.support.WebRequestDataBinder.bindParts,spring-web/src/main/java/org/springframework/web/bind/support/WebRequestDataBinder.java,5601,214,60
16,org.springframework.web.util.DefaultUriTemplateHandler.createUri,spring-web/src/main/java/org/springframework/web/util/DefaultUriTemplateHandler.java,5462,74,173
17,org.springframework.web.accept.ContentNegotiationManagerFactoryBean.setDefaultContentType,spring-web/src/main/java/org/springframework/web/accept/ContentNegotiationManagerFactoryBean.java,8674,123,21
18,org.springframework.web.method.annotation.InitBinderDataBinderFactory.isBinderMethodApplicable,spring-web/src/main/java/org/springframework/web/method/annotation/InitBinderDataBinderFactory.java,2820,98,201 29
19,org.springframework.web.method.annotation.ModelAttributeMethodProcessor.isBindExceptionRequired,spring-web/src/main/java/org/springframework/web/method/annotation/ModelAttributeMethodProcessor.java,17606,30,172
20,org.springframework.web.context.support.XmlWebApplicationContext.loadBeanDefinitions,spring-web/src/main/java/org/springframework/web/context/support/XmlWebApplicationContext.java,5147,84,22
21,org.springframework.web.context.support.GroovyWebApplicationContext.loadBeanDefinitions,spring-web/src/main/java/org/springframework/web/context/support/GroovyWebApplicationContext.java,5428,196,166
22,org.springframework.http.codec.json.Jackson2CodecSupport.getParameter,spring-web/src/main/java/org/springframework/http/codec/json/Jackson2CodecSupport.java,4075,211,136
23,org.springframework.http.codec.json.AbstractJackson2Encoder.getJsonEncoding,spring-web/src/main/java/org/springframework/http/codec/json/AbstractJackson2Encoder.java,7363,67,64
24,org.springframework.http.codec.multipart.MultipartHttpMessageWriter.isMultipart,spring-web/src/main/java/org/springframework/http/codec/multipart/MultipartHttpMessageWriter.java,7125,209,21
25,org.springframework.http.codec.multipart.SynchronossPartHttpMessageReader.SynchronossPartGenerator.getContentLength,spring-web/src/main/java/org/springframework/http/codec/multipart/SynchronossPartHttpMessageReader.java,6743,153,127
26,org.springframework.http.codec.FormHttpMessageReader.getMediaTypeCharset,spring-web/src/main/java/org/springframework/http/codec/FormHttpMessageReader.java,4247,47,21
27,org.springframework.http.codec.EncoderHttpMessageWriter.isStreamingMediaType,spring-web/src/main/java/org/springframework/http/codec/EncoderHttpMessageWriter.java,5484,17,21
28,org.springframework.http.codec.EncoderHttpMessageWriter.getWriteHints,spring-web/src/main/java/org/springframework/http/codec/EncoderHttpMessageWriter.java,6395,17,21 136
29,org.springframework.http.codec.ServerSentEventHttpMessageReader.isServerSentEvent,spring-web/src/main/java/org/springframework/http/codec/ServerSentEventHttpMessageReader.java,2964,185,136
30,org.springframework.http.codec.ServerSentEventHttpMessageWriter.encodeText,spring-web/src/main/java/org/springframework/http/codec/ServerSentEventHttpMessageWriter.java,6005,143,21
31,org.springframework.http.codec.ServerSentEventHttpMessageWriter.getEncodeHints,spring-web/src/main/java/org/springframework/http/codec/ServerSentEventHttpMessageWriter.java,6788,143,21 136
32,org.springframework.http.client.HttpComponentsClientHttpRequestFactory.createHttpUriRequest,spring-web/src/main/java/org/springframework/http/client/HttpComponentsClientHttpRequestFactory.java,9236,152,8
33,org.springframework.http.converter.xml.Jaxb2RootElementHttpMessageConverter.setCharset,spring-web/src/main/java/org/springframework/http/converter/xml/Jaxb2RootElementHttpMessageConverter.java,6377,115,21
34,org.springframework.http.converter.json.AbstractJackson2HttpMessageConverter.getJsonEncoding,spring-web/src/main/java/org/springframework/http/converter/json/AbstractJackson2HttpMessageConverter.java,11956,206,21
35,org.springframework.http.converter.FormHttpMessageConverter.isMultipart,spring-web/src/main/java/org/springframework/http/converter/FormHttpMessageConverter.java,10279,28,21
36,org.springframework.http.converter.StringHttpMessageConverter.getContentTypeCharset,spring-web/src/main/java/org/springframework/http/converter/StringHttpMessageConverter.java,3958,82,21
37,org.springframework.http.converter.AbstractHttpMessageConverter.canRead,spring-web/src/main/java/org/springframework/http/converter/AbstractHttpMessageConverter.java,4500,55,21
38,org.springframework.http.converter.BufferedImageHttpMessageConverter.isReadable,spring-web/src/main/java/org/springframework/http/converter/BufferedImageHttpMessageConverter.java,4763,184,21
39,org.springframework.http.converter.BufferedImageHttpMessageConverter.isWritable,spring-web/src/main/java/org/springframework/http/converter/BufferedImageHttpMessageConverter.java,5159,184,21
40,org.springframework.http.converter.BufferedImageHttpMessageConverter.getContentType,spring-web/src/main/java/org/springframework/http/converter/BufferedImageHttpMessageConverter.java,7776,184,21
41,org.springframework.http.converter.ResourceRegionHttpMessageConverter.writeResourceRegion,spring-web/src/main/java/org/springframework/http/converter/ResourceRegionHttpMessageConverter.java,4628,85,23
42,org.springframework.http.HttpHeaders.setContentType,spring-web/src/main/java/org/springframework/http/HttpHeaders.java,34185,127,21
43,org.springframework.remoting.httpinvoker.HttpInvokerClientInterceptor.executeRequest,spring-web/src/main/java/org/springframework/remoting/httpinvoker/HttpInvokerClientInterceptor.java,7344,102,114
44,org.springframework.core.env.MutablePropertySources.assertLegalRelativeAddition,spring-core/src/main/java/org/springframework/core/env/MutablePropertySources.java,5443,110,39
45,org.springframework.core.codec.CharSequenceEncoder.getCharset,spring-core/src/main/java/org/springframework/core/codec/CharSequenceEncoder.java,3561,56,64
46,org.springframework.core.convert.support.GenericConversionService.assertNotPrimitiveTargetType,spring-core/src/main/java/org/springframework/core/convert/support/GenericConversionService.java,12774,59,72
47,org.springframework.core.convert.Property.resolveParameterType,spring-core/src/main/java/org/springframework/core/convert/Property.java,5462,133,172
48,org.springframework.jdbc.core.metadata.CallMetaDataContext.createParameterBinding,spring-jdbc/src/main/java/org/springframework/jdbc/core/metadata/CallMetaDataContext.java,23009,175,140
49,org.springframework.jdbc.core.namedparam.NamedParameterJdbcTemplate.getPreparedStatementCreatorFactory,spring-jdbc/src/main/java/org/springframework/jdbc/core/namedparam/NamedParameterJdbcTemplate.java,15432,58,108
50,org.springframework.jdbc.core.JdbcTemplate.processResultSet,spring-jdbc/src/main/java/org/springframework/jdbc/core/JdbcTemplate.java,43554,208,99
51,org.springframework.beans.factory.xml.ParserContext.registerBeanComponent,spring-beans/src/main/java/org/springframework/beans/factory/xml/ParserContext.java,3805,177,9
52,org.springframework.beans.factory.xml.BeanDefinitionParserDelegate.decorateBeanDefinitionIfRequired,spring-beans/src/main/java/org/springframework/beans/factory/xml/BeanDefinitionParserDelegate.java,48732,38,204
53,org.springframework.beans.factory.xml.DefaultBeanDefinitionDocumentReader.createDelegate,spring-beans/src/main/java/org/springframework/beans/factory/xml/DefaultBeanDefinitionDocumentReader.java,5739,147,68 38
54,org.springframework.beans.factory.support.AbstractBeanFactory.destroyBean,spring-beans/src/main/java/org/springframework/beans/factory/support/AbstractBeanFactory.java,40919,6,117
55,org.springframework.beans.factory.support.AbstractBeanFactory.checkMergedBeanDefinition,spring-beans/src/main/java/org/springframework/beans/factory/support/AbstractBeanFactory.java,49945,6,117
56,org.springframework.beans.factory.support.AbstractBeanFactory.isFactoryBean,spring-beans/src/main/java/org/springframework/beans/factory/support/AbstractBeanFactory.java,57143,6,117
57,org.springframework.beans.factory.support.ConstructorResolver.getCandidateMethods,spring-beans/src/main/java/org/springframework/beans/factory/support/ConstructorResolver.java,13024,203,117
58,org.springframework.beans.factory.support.AbstractBeanDefinition.applyDefaults,spring-beans/src/main/java/org/springframework/beans/factory/support/AbstractBeanDefinition.java,12433,18,181
59,org.springframework.beans.factory.support.DefaultListableBeanFactory.isRequired,spring-beans/src/main/java/org/springframework/beans/factory/support/DefaultListableBeanFactory.java,51462,205,191
60,org.springframework.beans.factory.support.DefaultListableBeanFactory.addCandidateEntry,spring-beans/src/main/java/org/springframework/beans/factory/support/DefaultListableBeanFactory.java,55665,205,191
61,org.springframework.beans.factory.support.DefaultListableBeanFactory.createOptionalDependency,spring-beans/src/main/java/org/springframework/beans/factory/support/DefaultListableBeanFactory.java,65453,205,191
62,org.springframework.beans.factory.support.AbstractAutowireCapableBeanFactory.applyMergedBeanDefinitionPostProcessors,spring-beans/src/main/java/org/springframework/beans/factory/support/AbstractAutowireCapableBeanFactory.java,42825,161,117
63,org.springframework.beans.factory.support.AbstractAutowireCapableBeanFactory.instantiateUsingFactoryMethod,spring-beans/src/main/java/org/springframework/beans/factory/support/AbstractAutowireCapableBeanFactory.java,51775,161,117
64,org.springframework.beans.factory.support.AbstractAutowireCapableBeanFactory.autowireConstructor,spring-beans/src/main/java/org/springframework/beans/factory/support/AbstractAutowireCapableBeanFactory.java,52617,161,117
65,org.springframework.beans.factory.support.AbstractAutowireCapableBeanFactory.checkDependencies,spring-beans/src/main/java/org/springframework/beans/factory/support/AbstractAutowireCapableBeanFactory.java,64041,161,18
66,org.springframework.beans.factory.annotation.QualifierAnnotationAutowireCandidateResolver.getQualifiedElementAnnotation,spring-beans/src/main/java/org/springframework/beans/factory/annotation/QualifierAnnotationAutowireCandidateResolver.java,11539,87,117
67,org.springframework.beans.factory.annotation.QualifierAnnotationAutowireCandidateResolver.getFactoryMethodAnnotation,spring-beans/src/main/java/org/springframework/beans/factory/annotation/QualifierAnnotationAutowireCandidateResolver.java,11829,87,117
68,org.springframework.beans.factory.annotation.QualifierAnnotationAutowireCandidateResolver.extractValue,spring-beans/src/main/java/org/springframework/beans/factory/annotation/QualifierAnnotationAutowireCandidateResolver.java,13842,87,193
69,org.springframework.beans.MutablePropertyValues.mergeIfRequired,spring-beans/src/main/java/org/springframework/beans/MutablePropertyValues.java,7184,60,168
70,org.springframework.beans.BeanMetadataAttributeAccessor.addMetadataAttribute,spring-beans/src/main/java/org/springframework/beans/BeanMetadataAttributeAccessor.java,1504,188,77
71,org.springframework.beans.AbstractNestablePropertyAccessor.newValue,spring-beans/src/main/java/org/springframework/beans/AbstractNestablePropertyAccessor.java,33064,26,72
72,org.springframework.web.servlet.mvc.method.annotation.ReactiveTypeHandler.AbstractEmitterSubscriber.connect,spring-webmvc/src/main/java/org/springframework/web/servlet/mvc/method/annotation/ReactiveTypeHandler.java,8810,120,44
73,org.springframework.web.servlet.mvc.method.annotation.ReactiveTypeHandler.SseEmitterSubscriber.adapt,spring-webmvc/src/main/java/org/springframework/web/servlet/mvc/method/annotation/ReactiveTypeHandler.java,12003,103,129
74,org.springframework.web.servlet.mvc.method.annotation.ReactiveTypeHandler.DeferredResultSubscriber.connect,spring-webmvc/src/main/java/org/springframework/web/servlet/mvc/method/annotation/ReactiveTypeHandler.java,13773,154,44
75,org.springframework.web.servlet.mvc.method.annotation.HttpEntityMethodProcessor.getHttpEntityType,spring-webmvc/src/main/java/org/springframework/web/servlet/mvc/method/annotation/HttpEntityMethodProcessor.java,5798,50,172
76,org.springframework.web.servlet.mvc.method.annotation.HttpEntityMethodProcessor.getVaryRequestHeadersToAdd,spring-webmvc/src/main/java/org/springframework/web/servlet/mvc/method/annotation/HttpEntityMethodProcessor.java,8520,50,127
77,org.springframework.web.servlet.mvc.method.annotation.HttpEntityMethodProcessor.isResourceNotModified,spring-webmvc/src/main/java/org/springframework/web/servlet/mvc/method/annotation/HttpEntityMethodProcessor.java,9219,50,16 149
78,org.springframework.web.servlet.mvc.method.annotation.HttpEntityMethodProcessor.saveFlashAttributes,spring-webmvc/src/main/java/org/springframework/web/servlet/mvc/method/annotation/HttpEntityMethodProcessor.java,9892,50,198
79,org.springframework.web.servlet.mvc.method.annotation.RequestMappingHandlerAdapter.getModelAndView,spring-webmvc/src/main/java/org/springframework/web/servlet/mvc/method/annotation/RequestMappingHandlerAdapter.java,41600,182,198 11
80,org.springframework.web.servlet.mvc.method.annotation.ResponseEntityExceptionHandler.handleExceptionInternal,spring-webmvc/src/main/java/org/springframework/web/servlet/mvc/method/annotation/ResponseEntityExceptionHandler.java,18868,128,19 127
81,org.springframework.web.servlet.mvc.method.annotation.RequestPartMethodArgumentResolver.getPartName,spring-webmvc/src/main/java/org/springframework/web/servlet/mvc/method/annotation/RequestPartMethodArgumentResolver.java,6596,7,172
82,org.springframework.web.servlet.mvc.method.annotation.RequestResponseBodyMethodProcessor.checkRequired,spring-webmvc/src/main/java/org/springframework/web/servlet/mvc/method/annotation/RequestResponseBodyMethodProcessor.java,6849,130,172
83,org.springframework.web.servlet.mvc.method.annotation.ServletModelAttributeMethodProcessor.createAttributeFromRequestValue,spring-webmvc/src/main/java/org/springframework/web/servlet/mvc/method/annotation/ServletModelAttributeMethodProcessor.java,4648,194,172
84,org.springframework.web.servlet.mvc.method.annotation.AbstractMessageConverterMethodProcessor.getGenericType,spring-webmvc/src/main/java/org/springframework/web/servlet/mvc/method/annotation/AbstractMessageConverterMethodProcessor.java,13348,179,172
85,org.springframework.web.servlet.mvc.method.annotation.AbstractMessageConverterMethodProcessor.getMostSpecificMediaType,spring-webmvc/src/main/java/org/springframework/web/servlet/mvc/method/annotation/AbstractMessageConverterMethodProcessor.java,15637,179,21
86,org.springframework.web.servlet.mvc.method.annotation.MatrixVariableMapMethodArgumentResolver.isSingleValueMap,spring-webmvc/src/main/java/org/springframework/web/servlet/mvc/method/annotation/MatrixVariableMapMethodArgumentResolver.java,3975,92,172
87,org.springframework.web.servlet.mvc.method.annotation.AbstractMessageConverterMethodArgumentResolver.validateIfApplicable,spring-webmvc/src/main/java/org/springframework/web/servlet/mvc/method/annotation/AbstractMessageConverterMethodArgumentResolver.java,9957,54,29 172
88,org.springframework.web.servlet.mvc.method.annotation.AbstractMessageConverterMethodArgumentResolver.isBindExceptionRequired,spring-webmvc/src/main/java/org/springframework/web/servlet/mvc/method/annotation/AbstractMessageConverterMethodArgumentResolver.java,11000,54,29 172
89,org.springframework.web.servlet.mvc.method.annotation.AbstractMessageConverterMethodArgumentResolver.adaptArgumentIfNecessary,spring-webmvc/src/main/java/org/springframework/web/servlet/mvc/method/annotation/AbstractMessageConverterMethodArgumentResolver.java,11644,54,172
90,org.springframework.web.servlet.mvc.support.DefaultHandlerExceptionResolver.handleHttpRequestMethodNotSupported,spring-webmvc/src/main/java/org/springframework/web/servlet/mvc/support/DefaultHandlerExceptionResolver.java,9109,20,132
91,org.springframework.web.servlet.mvc.support.DefaultHandlerExceptionResolver.handleHttpMediaTypeNotSupported,spring-webmvc/src/main/java/org/springframework/web/servlet/mvc/support/DefaultHandlerExceptionResolver.java,10465,20,65
92,org.springframework.web.servlet.mvc.support.DefaultHandlerExceptionResolver.handleMissingPathVariable,spring-webmvc/src/main/java/org/springframework/web/servlet/mvc/support/DefaultHandlerExceptionResolver.java,12808,20,178
93,org.springframework.web.servlet.mvc.support.DefaultHandlerExceptionResolver.handleMissingServletRequestParameter,spring-webmvc/src/main/java/org/springframework/web/servlet/mvc/support/DefaultHandlerExceptionResolver.java,13795,20,162
94,org.springframework.web.servlet.mvc.support.DefaultHandlerExceptionResolver.handleTypeMismatch,spring-webmvc/src/main/java/org/springframework/web/servlet/mvc/support/DefaultHandlerExceptionResolver.java,16665,20,90
95,org.springframework.web.servlet.mvc.support.DefaultHandlerExceptionResolver.handleHttpMessageNotReadable,spring-webmvc/src/main/java/org/springframework/web/servlet/mvc/support/DefaultHandlerExceptionResolver.java,17588,20,51
96,org.springframework.web.servlet.mvc.support.DefaultHandlerExceptionResolver.handleMethodArgumentNotValidException,spring-webmvc/src/main/java/org/springframework/web/servlet/mvc/support/DefaultHandlerExceptionResolver.java,19607,20,113
97,org.springframework.web.servlet.mvc.support.DefaultHandlerExceptionResolver.handleMissingServletRequestPartException,spring-webmvc/src/main/java/org/springframework/web/servlet/mvc/support/DefaultHandlerExceptionResolver.java,20412,20,52
98,org.springframework.web.servlet.mvc.support.DefaultHandlerExceptionResolver.handleBindException,spring-webmvc/src/main/java/org/springframework/web/servlet/mvc/support/DefaultHandlerExceptionResolver.java,21258,20,167
99,org.springframework.web.servlet.mvc.condition.ProducesRequestCondition.ProduceMediaTypeExpression.matchParameters,spring-webmvc/src/main/java/org/springframework/web/servlet/mvc/condition/ProducesRequestCondition.java,12642,212,21
100,org.springframework.web.servlet.view.UrlBasedViewResolver.applyLifecycleMethods,spring-webmvc/src/main/java/org/springframework/web/servlet/view/UrlBasedViewResolver.java,20745,187,31
101,org.springframework.web.servlet.view.ContentNegotiatingViewResolver.getMostSpecificMediaType,spring-webmvc/src/main/java/org/springframework/web/servlet/view/ContentNegotiatingViewResolver.java,11387,81,21
102,org.springframework.web.servlet.config.ViewResolversBeanDefinitionParser.addUrlBasedViewResolverProperties,spring-webmvc/src/main/java/org/springframework/web/servlet/config/ViewResolversBeanDefinitionParser.java,7026,25,117
103,org.springframework.web.servlet.config.ViewResolversBeanDefinitionParser.createContentNegotiatingViewResolver,spring-webmvc/src/main/java/org/springframework/web/servlet/config/ViewResolversBeanDefinitionParser.java,7808,25,177
104,org.springframework.web.servlet.config.ViewControllerBeanDefinitionParser.getRedirectView,spring-webmvc/src/main/java/org/springframework/web/servlet/config/ViewControllerBeanDefinitionParser.java,5367,2,19
105,org.springframework.web.servlet.config.AnnotationDrivenBeanDefinitionParser.getConversionService,spring-webmvc/src/main/java/org/springframework/web/servlet/config/AnnotationDrivenBeanDefinitionParser.java,18465,164,177
106,org.springframework.web.servlet.config.AnnotationDrivenBeanDefinitionParser.configurePathMatchingProperties,spring-webmvc/src/main/java/org/springframework/web/servlet/config/AnnotationDrivenBeanDefinitionParser.java,21013,164,177 117
107,org.springframework.web.servlet.config.AnnotationDrivenBeanDefinitionParser.getCallableInterceptors,spring-webmvc/src/main/java/org/springframework/web/servlet/config/AnnotationDrivenBeanDefinitionParser.java,24485,164,177
108,org.springframework.web.servlet.config.AnnotationDrivenBeanDefinitionParser.getDeferredResultInterceptors,spring-webmvc/src/main/java/org/springframework/web/servlet/config/AnnotationDrivenBeanDefinitionParser.java,25355,164,177
109,org.springframework.web.servlet.config.AnnotationDrivenBeanDefinitionParser.wrapLegacyResolvers,spring-webmvc/src/main/java/org/springframework/web/servlet/config/AnnotationDrivenBeanDefinitionParser.java,26625,164,177
110,org.springframework.web.servlet.config.AnnotationDrivenBeanDefinitionParser.extractBeanSubElements,spring-webmvc/src/main/java/org/springframework/web/servlet/config/AnnotationDrivenBeanDefinitionParser.java,32425,164,177
111,org.springframework.web.servlet.handler.AbstractHandlerMapping.getCorsHandlerExecutionChain,spring-webmvc/src/main/java/org/springframework/web/servlet/handler/AbstractHandlerMapping.java,20164,5,131 96
112,org.springframework.web.servlet.resource.ResourceHttpRequestHandler.setHeaders,spring-webmvc/src/main/java/org/springframework/web/servlet/resource/ResourceHttpRequestHandler.java,23867,69,21
113,org.springframework.web.servlet.HandlerExecutionChain.applyPostHandle,spring-webmvc/src/main/java/org/springframework/web/servlet/HandlerExecutionChain.java,4594,96,0
114,org.springframework.cache.annotation.SpringCacheAnnotationParser.validateCacheOperation,spring-context/src/main/java/org/springframework/cache/annotation/SpringCacheAnnotationParser.java,7212,86,112
115,org.springframework.cache.concurrent.ConcurrentMapCache.serializeValue,spring-context/src/main/java/org/springframework/cache/concurrent/ConcurrentMapCache.java,5931,121,144
116,org.springframework.cache.concurrent.ConcurrentMapCache.deserializeValue,spring-context/src/main/java/org/springframework/cache/concurrent/ConcurrentMapCache.java,6649,121,144
117,org.springframework.context.event.AbstractApplicationEventMulticaster.supportsEvent,spring-context/src/main/java/org/springframework/context/event/AbstractApplicationEventMulticaster.java,10862,27,136
118,org.springframework.context.config.LoadTimeWeaverBeanDefinitionParser.isAspectJWeavingEnabled,spring-context/src/main/java/org/springframework/context/config/LoadTimeWeaverBeanDefinitionParser.java,3447,34,177
119,org.springframework.context.support.StaticApplicationContext.registerSingleton,spring-context/src/main/java/org/springframework/context/support/StaticApplicationContext.java,3075,14,60
120,org.springframework.context.support.StaticApplicationContext.registerPrototype,spring-context/src/main/java/org/springframework/context/support/StaticApplicationContext.java,4059,14,60
121,org.springframework.context.annotation.MBeanExportConfiguration.setupRegistrationPolicy,spring-context/src/main/java/org/springframework/context/annotation/MBeanExportConfiguration.java,4607,101,163 193
122,org.springframework.context.annotation.ContextAnnotationAutowireCandidateResolver.isLazy,spring-context/src/main/java/org/springframework/context/annotation/ContextAnnotationAutowireCandidateResolver.java,2165,125,191
123,org.springframework.scheduling.config.ScheduledTaskRegistrar.scheduleFixedRateTask,spring-context/src/main/java/org/springframework/scheduling/config/ScheduledTaskRegistrar.java,12840,88,116
124,org.springframework.scheduling.config.ScheduledTaskRegistrar.scheduleFixedDelayTask,spring-context/src/main/java/org/springframework/scheduling/config/ScheduledTaskRegistrar.java,14607,88,116
125,org.springframework.scheduling.config.ScheduledTasksBeanDefinitionParser.beanReference,spring-context/src/main/java/org/springframework/scheduling/config/ScheduledTasksBeanDefinitionParser.java,7690,24,177
126,org.springframework.validation.AbstractErrors.isMatchingFieldError,spring-context/src/main/java/org/springframework/validation/AbstractErrors.java,5855,104,13
127,org.springframework.web.reactive.result.view.freemarker.FreeMarkerView.getCharset,spring-webflux/src/main/java/org/springframework/web/reactive/result/view/freemarker/FreeMarkerView.java,7516,57,21
128,org.springframework.web.reactive.result.view.UrlBasedViewResolver.applyLifecycleMethods,spring-webflux/src/main/java/org/springframework/web/reactive/result/view/UrlBasedViewResolver.java,9611,1,213
129,org.springframework.web.reactive.result.view.HttpMessageWriterView.write,spring-webflux/src/main/java/org/springframework/web/reactive/result/view/HttpMessageWriterView.java,4647,141,21
130,org.springframework.web.reactive.result.view.ViewResolutionResultHandler.getNameForReturnValue,spring-webflux/src/main/java/org/springframework/web/reactive/result/view/ViewResolutionResultHandler.java,10420,197,172
131,org.springframework.web.reactive.result.method.annotation.ModelInitializer.isAsyncVoidType,spring-webflux/src/main/java/org/springframework/web/reactive/result/method/annotation/ModelInitializer.java,5148,89,44 136
132,org.springframework.web.reactive.result.method.annotation.ModelInitializer.getAttributeName,spring-webflux/src/main/java/org/springframework/web/reactive/result/method/annotation/ModelInitializer.java,5336,89,172
133,org.springframework.web.reactive.result.method.annotation.ModelInitializer.findModelAttributes,spring-webflux/src/main/java/org/springframework/web/reactive/result/method/annotation/ModelInitializer.java,5682,89,201 137
134,org.springframework.web.reactive.result.method.annotation.ErrorsMethodArgumentResolver.getErrors,spring-webflux/src/main/java/org/springframework/web/reactive/result/method/annotation/ErrorsMethodArgumentResolver.java,2473,10,45 172
135,org.springframework.web.reactive.result.method.annotation.RequestPartMethodArgumentResolver.getPartName,spring-webflux/src/main/java/org/springframework/web/reactive/result/method/annotation/RequestPartMethodArgumentResolver.java,4536,71,172
136,org.springframework.web.reactive.result.method.annotation.RequestPartMethodArgumentResolver.getMissingPartException,spring-webflux/src/main/java/org/springframework/web/reactive/result/method/annotation/RequestPartMethodArgumentResolver.java,5058,71,172
137,org.springframework.web.reactive.result.method.annotation.AbstractMessageWriterResultHandler.getElementType,spring-webflux/src/main/java/org/springframework/web/reactive/result/method/annotation/AbstractMessageWriterResultHandler.java,6446,15,44 136
138,org.springframework.web.reactive.result.method.annotation.AbstractMessageWriterResultHandler.getMediaTypesFor,spring-webflux/src/main/java/org/springframework/web/reactive/result/method/annotation/AbstractMessageWriterResultHandler.java,6762,15,136
139,org.springframework.web.reactive.result.method.annotation.ModelAttributeMethodArgumentResolver.hasErrorsArgument,spring-webflux/src/main/java/org/springframework/web/reactive/result/method/annotation/ModelAttributeMethodArgumentResolver.java,10308,80,172
140,org.springframework.web.reactive.result.method.annotation.ModelAttributeMethodArgumentResolver.validateIfApplicable,spring-webflux/src/main/java/org/springframework/web/reactive/result/method/annotation/ModelAttributeMethodArgumentResolver.java,10580,80,70 172
141,org.springframework.web.reactive.result.method.annotation.AbstractMessageReaderArgumentResolver.handleReadError,spring-webflux/src/main/java/org/springframework/web/reactive/result/method/annotation/AbstractMessageReaderArgumentResolver.java,9386,139,172
142,org.springframework.web.reactive.result.method.annotation.AbstractMessageReaderArgumentResolver.handleMissingBody,spring-webflux/src/main/java/org/springframework/web/reactive/result/method/annotation/AbstractMessageReaderArgumentResolver.java,9597,139,172
143,org.springframework.web.reactive.result.method.annotation.AbstractMessageReaderArgumentResolver.extractValidationHints,spring-webflux/src/main/java/org/springframework/web/reactive/result/method/annotation/AbstractMessageReaderArgumentResolver.java,9837,139,172
144,org.springframework.web.reactive.result.method.annotation.AbstractMessageReaderArgumentResolver.validate,spring-webflux/src/main/java/org/springframework/web/reactive/result/method/annotation/AbstractMessageReaderArgumentResolver.java,10622,139,45 172
145,org.springframework.web.reactive.result.method.annotation.MatrixVariableMapMethodArgumentResolver.isSingleValueMap,spring-webflux/src/main/java/org/springframework/web/reactive/result/method/annotation/MatrixVariableMapMethodArgumentResolver.java,3962,106,172
146,org.springframework.web.reactive.result.method.HandlerMethodArgumentResolverSupport.assertHasValues,spring-webflux/src/main/java/org/springframework/web/reactive/result/method/HandlerMethodArgumentResolverSupport.java,2436,171,44 172
147,org.springframework.web.reactive.result.condition.ProducesRequestCondition.ProduceMediaTypeExpression.matchParameters,spring-webflux/src/main/java/org/springframework/web/reactive/result/condition/ProducesRequestCondition.java,12472,75,21
148,org.springframework.web.reactive.result.HandlerResultHandlerSupport.getAdapter,spring-webflux/src/main/java/org/springframework/web/reactive/result/HandlerResultHandlerSupport.java,3232,49,40
149,org.springframework.web.reactive.result.HandlerResultHandlerSupport.selectMoreSpecificMediaType,spring-webflux/src/main/java/org/springframework/web/reactive/result/HandlerResultHandlerSupport.java,6027,49,21
150,org.springframework.web.reactive.socket.client.StandardWebSocketClient.createHandshakeInfo,spring-webflux/src/main/java/org/springframework/web/reactive/socket/client/StandardWebSocketClient.java,4338,195,186
151,org.springframework.web.reactive.socket.client.UndertowWebSocketClient.createHandshakeInfo,spring-webflux/src/main/java/org/springframework/web/reactive/socket/client/UndertowWebSocketClient.java,7659,33,119
152,org.springframework.web.reactive.socket.adapter.NettyWebSocketSessionSupport.toFrame,spring-webflux/src/main/java/org/springframework/web/reactive/socket/adapter/NettyWebSocketSessionSupport.java,2919,41,12
153,org.springframework.web.reactive.function.client.DefaultWebClient.DefaultResponseSpec.insertCheckpoint,spring-webflux/src/main/java/org/springframework/web/reactive/function/client/DefaultWebClient.java,14847,61,19
154,org.springframework.web.reactive.function.client.DefaultClientResponse.createEntity,spring-webflux/src/main/java/org/springframework/web/reactive/function/client/DefaultClientResponse.java,5356,192,127
155,org.springframework.web.reactive.function.client.DefaultClientResponse.createEntity,spring-webflux/src/main/java/org/springframework/web/reactive/function/client/DefaultClientResponse.java,5643,192,127
156,org.springframework.web.reactive.resource.ResourceWebHandler.setHeaders,spring-webflux/src/main/java/org/springframework/web/reactive/resource/ResourceWebHandler.java,17903,3,21
157,org.springframework.messaging.simp.user.UserDestinationMessageHandler.initHeaders,spring-messaging/src/main/java/org/springframework/messaging/simp/user/UserDestinationMessageHandler.java,7106,165,174
158,org.springframework.messaging.simp.stomp.StompDecoder.initHeaders,spring-messaging/src/main/java/org/springframework/messaging/simp/stomp/StompDecoder.java,7206,180,134
159,org.springframework.messaging.simp.stomp.StompHeaders.setContentType,spring-messaging/src/main/java/org/springframework/messaging/simp/stomp/StompHeaders.java,3772,151,64
160,org.springframework.messaging.simp.stomp.DefaultStompSession.createHeaderAccessor,spring-messaging/src/main/java/org/springframework/messaging/simp/stomp/DefaultStompSession.java,7708,169,126
161,org.springframework.messaging.simp.stomp.DefaultStompSession.invokeHandler,spring-messaging/src/main/java/org/springframework/messaging/simp/stomp/DefaultStompSession.java,14803,169,151
162,org.springframework.messaging.simp.broker.SimpleBrokerMessageHandler.initHeaders,spring-messaging/src/main/java/org/springframework/messaging/simp/broker/SimpleBrokerMessageHandler.java,12627,200,174
163,org.springframework.messaging.simp.config.AbstractMessageBrokerConfiguration.updateUserDestinationResolver,spring-messaging/src/main/java/org/springframework/messaging/simp/config/AbstractMessageBrokerConfiguration.java,11872,91,122
164,org.springframework.messaging.simp.annotation.support.SendToMethodReturnValueHandler.DestinationHelper.getTemplateVariables,spring-messaging/src/main/java/org/springframework/messaging/simp/annotation/support/SendToMethodReturnValueHandler.java,10677,135,53
165,org.springframework.messaging.simp.annotation.support.SendToMethodReturnValueHandler.getDestinationHelper,spring-messaging/src/main/java/org/springframework/messaging/simp/annotation/support/SendToMethodReturnValueHandler.java,7465,124,53 172
166,org.springframework.messaging.simp.annotation.support.SendToMethodReturnValueHandler.getUserName,spring-messaging/src/main/java/org/springframework/messaging/simp/annotation/support/SendToMethodReturnValueHandler.java,8448,124,53
167,org.springframework.messaging.simp.annotation.support.SendToMethodReturnValueHandler.createHeaders,spring-messaging/src/main/java/org/springframework/messaging/simp/annotation/support/SendToMethodReturnValueHandler.java,9510,124,172
168,org.springframework.messaging.simp.annotation.support.SubscriptionMethodReturnValueHandler.createHeaders,spring-messaging/src/main/java/org/springframework/messaging/simp/annotation/support/SubscriptionMethodReturnValueHandler.java,5181,107,172
169,org.springframework.messaging.simp.SimpMessagingTemplate.initHeaders,spring-messaging/src/main/java/org/springframework/messaging/simp/SimpMessagingTemplate.java,6441,63,174
170,org.springframework.messaging.handler.annotation.support.reactive.PayloadMethodArgumentResolver.handleReadError,spring-messaging/src/main/java/org/springframework/messaging/handler/annotation/support/reactive/PayloadMethodArgumentResolver.java,9976,42,172
171,org.springframework.messaging.handler.annotation.support.reactive.PayloadMethodArgumentResolver.getValidator,spring-messaging/src/main/java/org/springframework/messaging/handler/annotation/support/reactive/PayloadMethodArgumentResolver.java,10476,42,172
172,org.springframework.messaging.handler.annotation.support.PayloadArgumentResolver.getParameterName,spring-messaging/src/main/java/org/springframework/messaging/handler/annotation/support/PayloadArgumentResolver.java,5723,62,172
173,org.springframework.messaging.handler.annotation.support.MessageMethodArgumentResolver.getPayloadType,spring-messaging/src/main/java/org/springframework/messaging/handler/annotation/support/MessageMethodArgumentResolver.java,3508,94,172
174,org.springframework.messaging.handler.invocation.reactive.InvocableHandlerMethod.isAsyncVoidReturnType,spring-messaging/src/main/java/org/springframework/messaging/handler/invocation/reactive/InvocableHandlerMethod.java,6976,4,44 172
175,org.springframework.messaging.handler.invocation.reactive.AbstractEncoderMethodReturnValueHandler.getEncoder,spring-messaging/src/main/java/org/springframework/messaging/handler/invocation/reactive/AbstractEncoderMethodReturnValueHandler.java,5727,105,64 136
176,org.springframework.messaging.converter.AbstractMessageConverter.getMimeType,spring-messaging/src/main/java/org/springframework/messaging/converter/AbstractMessageConverter.java,8567,155,53
177,org.springframework.messaging.converter.MappingJackson2MessageConverter.getJsonEncoding,spring-messaging/src/main/java/org/springframework/messaging/converter/MappingJackson2MessageConverter.java,11372,189,64
178,org.springframework.web.socket.config.MessageBrokerBeanDefinitionParser.extractBeanSubElements,spring-websocket/src/main/java/org/springframework/web/socket/config/MessageBrokerBeanDefinitionParser.java,29321,199,177
179,org.springframework.web.socket.server.standard.AbstractTyrusRequestUpgradeStrategy.createRequestContext,spring-websocket/src/main/java/org/springframework/web/socket/server/standard/AbstractTyrusRequestUpgradeStrategy.java,6869,78,127
180,org.springframework.web.socket.sockjs.client.SockJsClient.getHttpRequestHeaders,spring-websocket/src/main/java/org/springframework/web/socket/sockjs/client/SockJsClient.java,9338,37,127
181,org.springframework.web.socket.sockjs.client.SockJsUrlInfo.getScheme,spring-websocket/src/main/java/org/springframework/web/socket/sockjs/client/SockJsUrlInfo.java,2623,176,46
182,org.springframework.web.socket.sockjs.client.AbstractClientSockJsSession.isUserSetStatus,spring-websocket/src/main/java/org/springframework/web/socket/sockjs/client/AbstractClientSockJsSession.java,5482,100,158
183,org.springframework.web.socket.messaging.WebSocketStompClient.connect,spring-websocket/src/main/java/org/springframework/web/socket/messaging/WebSocketStompClient.java,7885,66,151 150
184,org.springframework.web.socket.messaging.StompSubProtocolHandler.getDisconnectReceipt,spring-websocket/src/main/java/org/springframework/web/socket/messaging/StompSubProtocolHandler.java,19149,160,174
185,org.springframework.web.socket.messaging.StompSubProtocolHandler.toMutableAccessor,spring-websocket/src/main/java/org/springframework/web/socket/messaging/StompSubProtocolHandler.java,19585,160,134
186,org.springframework.expression.spel.ast.ConstructorReference.findExecutorForConstructor,spring-expression/src/main/java/org/springframework/expression/spel/ast/ConstructorReference.java,6680,43,215
187,org.springframework.expression.spel.ast.ConstructorReference.populateReferenceTypeArray,spring-expression/src/main/java/org/springframework/expression/spel/ast/ConstructorReference.java,12856,43,207 215
188,org.springframework.expression.spel.ast.ConstructorReference.populateByteArray,spring-expression/src/main/java/org/springframework/expression/spel/ast/ConstructorReference.java,13431,43,207 215
189,org.springframework.expression.spel.ast.ConstructorReference.populateFloatArray,spring-expression/src/main/java/org/springframework/expression/spel/ast/ConstructorReference.java,13808,43,207 215
190,org.springframework.expression.spel.ast.ConstructorReference.populateDoubleArray,spring-expression/src/main/java/org/springframework/expression/spel/ast/ConstructorReference.java,14192,43,207 215
191,org.springframework.expression.spel.ast.ConstructorReference.populateShortArray,spring-expression/src/main/java/org/springframework/expression/spel/ast/ConstructorReference.java,14583,43,207 215
192,org.springframework.expression.spel.ast.ConstructorReference.populateLongArray,spring-expression/src/main/java/org/springframework/expression/spel/ast/ConstructorReference.java,14967,43,207 215
193,org.springframework.expression.spel.ast.ConstructorReference.populateCharArray,spring-expression/src/main/java/org/springframework/expression/spel/ast/ConstructorReference.java,15344,43,207 215
194,org.springframework.expression.spel.ast.ConstructorReference.populateBooleanArray,spring-expression/src/main/java/org/springframework/expression/spel/ast/ConstructorReference.java,15721,43,207 215
195,org.springframework.expression.spel.ast.ConstructorReference.populateIntArray,spring-expression/src/main/java/org/springframework/expression/spel/ast/ConstructorReference.java,16119,43,207 215
196,org.springframework.expression.spel.standard.InternalSpelExpressionParser.toString,spring-expression/src/main/java/org/springframework/expression/spel/standard/InternalSpelExpressionParser.java,33702,79,118
197,org.springframework.expression.spel.CodeFlow.unboxBooleanIfNecessary,spring-expression/src/main/java/org/springframework/expression/spel/CodeFlow.java,5221,111,48
198,org.springframework.expression.spel.ExpressionState.convertValue,spring-expression/src/main/java/org/springframework/expression/spel/ExpressionState.java,5243,215,72
199,org.springframework.expression.spel.ExpressionState.convertValue,spring-expression/src/main/java/org/springframework/expression/spel/ExpressionState.java,5722,215,72 73
